strategy,stop,time_window,filters,gap_ge,pm_selloff_le,extension_ge,ema_5_ext_ge,trades,train_trades,test_trades,train_mean_net,train_median_net,train_worst_year_net,train_yearly_lcb,train_yearly_std,test_mean_net,test_median_net,test_hit_rate,gross_mean,win_rate_net,score,allc1_o1_ge,o2_allc1_ge,pmc2_pmh2_le,go_source_file,go_gap_min,go_gap_max,go_pm_selloff_ge,go_pm_selloff_le,go_stop,go_min_pm_dollar_volume
GE,100,morning_0930_1059,gap >= 0.525253; pm_selloff <= -0.178526; extension >= -0.0167013; ema_5_ext >= 0.121739; time=morning_0930_1059,0.5252525252525253,-0.1785262206148282,-0.0167012962205944,0.1217391432796396,538.0,336.0,202.0,0.0778576099801606,0.1532342906611354,0.0650349910921644,0.0770246785158419,0.0369658353502603,0.0543204017144583,0.1410471026059992,0.7227722772277227,0.0897689457162938,0.741635687732342,0.1498470372615531,,,,,,,,,,
RE,100,midday_1100_1359,extension >= 0.348653; ema_5_ext >= 0.147222; time=midday_1100_1359,,,0.3486528900908663,0.1472224125282784,1386.0,927.0,459.0,0.0459209494286173,0.0942491506822168,0.0318095069466662,0.040628771640512,0.0117620597636907,0.057810787012404,0.1100587197801243,0.7080610021786492,0.0707947084626985,0.6948051948051948,0.0999178925306137,,,,,,,,,,
D2E,100,before_1400,allc1_o1 >= 0.196721; o2_allc1 >= 0.0780141; pmc2_pmh2 <= -0.0650056; extension >= -0.0102317; ema_5_ext >= 0.102044; is_d2=1; is_ah=0; time=before_1400,,,-0.0102317220741002,0.1020441915949474,451.0,302.0,149.0,0.077167124312212,0.1038112280180751,0.0403008811199379,0.0671468554120491,0.0393633495455601,0.0210334780904972,0.0812607994679078,0.6375838926174496,0.0780358680424115,0.6917960088691796,0.1281373413110102,0.1967213146790993,0.0780141417046367,-0.0650056346533585,,,,,,,
D2O,100,open_0930,allc1_o1 >= 0.264706; o2_allc1 >= 0.042093; pmc2_pmh2 <= -0.0957447; is_d2=1; is_ah=0; time=open_0930,,,,,466.0,317.0,149.0,0.0460201610007976,0.0737612232204576,0.0221037845687701,0.0325472265942383,0.0152246735030209,0.0103703177951079,0.0517375896758237,0.5436241610738255,0.054510388824268,0.6158798283261803,0.0841639130219425,0.2647058379612814,0.0420930392864066,-0.095744653193861,,,,,,,
GO,100,open_0930,gap >= 0.8; gap < 9.99; pm_selloff >= -1; pm_selloff <= 0; min_pm_dollar_volume >= 200000; stop=100,,,,,,,,,,,,,,,,,,,,,,/home/daniel/Documents/codebox/algotrading/sc/short_small_caps/first_manual_implementation/go/all_trades.parquet,0.8,9.99,-1.0,0.0,100.0,200000.0
